{"E_CU": 120000.0, "NU_CU": 0.34, "CTE_CU": 1.785e-05, "Y_CU": 150.0, "P_TABLE_CU": [[150.0, 0.0], [159.66566721588586, 0.0010050251256281408], [161.78491399061517, 0.0020100502512562816], [163.23392037764333, 0.0030150753768844224], [164.36881641630865, 0.004020100502512563], [165.31571441829223, 0.0050251256281407045], [166.13552483504182, 0.006030150753768845], [166.86280733213175, 0.007035175879396985], [167.5192526114315, 0.008040201005025126], [168.1194577311704, 0.009045226130653268], [168.67376282392067, 0.010050251256281409], [169.18978665662462, 0.011055276381909548], [169.67332085071945, 0.01206030150753769], [170.12888122773907, 0.013065326633165831], [170.5600637401289, 0.01407035175879397], [170.96978311081102, 0.015075376884422112], [171.36043799089745, 0.016080402010050253], [171.73402839054364, 0.017085427135678392], [172.09224114062977, 0.018090452261306535], [172.43651336193682, 0.019095477386934675], [172.768080448638, 0.020100502512562818], [173.08801292167382, 0.021105527638190957], [173.39724513532704, 0.022110552763819097], [173.69659792262905, 0.02311557788944724], [173.98679666463724, 0.02412060301507538], [174.26848585860253, 0.02512562814070352], [174.54224097497772, 0.026130653266331662], [174.80857819171314, 0.0271356783919598], [175.06796244968564, 0.02814070351758794], [175.3208141678951, 0.029145728643216084], [175.56751487953156, 0.030150753768844223], [175.80841199221055, 0.031155778894472366], [176.0438228321027, 0.032160804020100506], [176.27403809851293, 0.033165829145728645], [176.4993248299693, 0.034170854271356785], [176.71992896311855, 0.03517587939698493], [176.93607755027492, 0.03618090452261307], [177.147980689302, 0.03718592964824121], [177.3558332098525, 0.03819095477386935], [177.55981615228038, 0.03919597989949749], [177.76009806934096, 0.040201005025125636], [177.95683617578186, 0.041206030150753775], [178.15017736685033, 0.042211055276381915], [178.34025912340738, 0.043216080402010054], [178.52721031859951, 0.044221105527638194], [178.7111519387737, 0.04522613065326633], [178.89219772944344, 0.04623115577889448], [179.0704547755474, 0.04723618090452262], [179.24602402393143, 0.04824120603015076], [179.41900075488326, 0.0492462311557789], [179.58947500861987, 0.05025125628140704], [179.75753197184048, 0.051256281407035184], [179.92325232878977, 0.052261306532663324], [180.0867125807054, 0.05326633165829146], [180.24798533703654, 0.0542713567839196], [180.40713958140145, 0.05527638190954774], [180.5642409148927, 0.05628140703517588], [180.71935177902657, 0.05728643216080403], [180.87253166036552, 0.05829145728643217], [181.02383727860845, 0.05929648241206031], [181.17332275974053, 0.06030150753768845], [181.32103979565724, 0.061306532663316586], [181.46703779152267, 0.06231155778894473], [181.6113640019861, 0.06331658291457287], [181.75406365726198, 0.06432160804020101], [181.8951800799734, 0.06532663316582915], [182.03475479356678, 0.06633165829145729], [182.17282762302355, 0.06733668341708543], [182.30943678852276, 0.06834170854271357], [182.4446189926434, 0.06934673366834171], [182.57840950163927, 0.07035175879396986], [182.71084222126746, 0.071356783919598], [182.84194976760705, 0.07236180904522614], [182.97176353326319, 0.07336683417085428], [183.10031374931654, 0.07437185929648242], [183.22762954334485, 0.07537688442211056], [183.35373899381437, 0.0763819095477387], [183.47866918111316, 0.07738693467336684], [183.60244623547425, 0.07839195979899498], [183.72509538201507, 0.07939698492462312], [183.84664098310168, 0.08040201005025127], [183.96710657822706, 0.08140703517587941], [184.0865149215787, 0.08241206030150755], [184.20488801745591, 0.08341708542713569], [184.3222471536837, 0.08442211055276383], [184.4386129331594, 0.08542713567839197], [184.55400530365688, 0.08643216080402011], [184.66844358600392, 0.08743718592964825], [184.78194650073854, 0.08844221105527639], [184.89453219334337, 0.08944723618090453], [185.00621825814855, 0.09045226130653267], [185.11702176098754, 0.09145728643216082], [185.2269592606837, 0.09246231155778896], [185.3360468294404, 0.0934673366834171], [185.44430007220095, 0.09447236180904524], [185.5517341450419, 0.09547738693467338], [185.65836377265634, 0.09648241206030152], [185.76420326498237, 0.09748743718592966], [185.86926653302604, 0.0984924623115578], [185.97356710392597, 0.09949748743718594], [186.07711813530324, 0.10050251256281408], [186.17993242893718, 0.10150753768844221], [186.28202244380495, 0.10251256281407037], [186.38340030852078, 0.10351758793969851], [186.48407783320752, 0.10452261306532665], [186.58406652083232, 0.10552763819095479], [186.68337757803468, 0.10653266331658293], [186.7820219254747, 0.10753768844221107], [186.8800102077271, 0.1085427135678392], [186.97735280274452, 0.10954773869346734], [187.07405983091292, 0.11055276381909548], [187.1701411637203, 0.11155778894472362], [187.2656064320583, 0.11256281407035176], [187.36046503417555, 0.11356783919597992], [187.4547261433001, 0.11457286432160806], [187.54839871494795, 0.1155778894472362], [187.64149149393262, 0.11658291457286434], [187.73401302109073, 0.11758793969849247], [187.82597163973767, 0.11859296482412061], [187.91737550186588, 0.11959798994974875], [188.0082325740984, 0.1206030150753769], [188.09855064340928, 0.12160804020100503], [188.1883373226217, 0.12261306532663317], [188.27760005569434, 0.12361809045226133], [188.36634612280557, 0.12462311557788947], [188.45458264524515, 0.1256281407035176], [188.54231659012183, 0.12663316582914574], [188.62955477489515, 0.12763819095477388], [188.71630387173985, 0.12864321608040202], [188.8025704117498, 0.12964824120603016], [188.8883607889886, 0.1306532663316583], [188.9736812643939, 0.13165829145728644], [189.05853796954153, 0.13266331658291458], [189.14293691027564, 0.13366834170854272], [189.22688397021025, 0.13467336683417086], [189.31038491410828, 0.135678391959799], [189.39344539114268, 0.13668341708542714], [189.4760709380449, 0.13768844221105528], [189.55826698214526, 0.13869346733668342], [189.64003884430974, 0.13969849246231159], [189.7213917417775, 0.14070351758793972], [189.80233079090297, 0.14170854271356786], [189.88286100980656, 0.142713567839196], [189.9629873209376, 0.14371859296482414], [190.04271455355294, 0.14472361809045228], [190.12204744611478, 0.14572864321608042], [190.2009906486104, 0.14673366834170856], [190.27954872479768, 0.1477386934673367], [190.3577261543781, 0.14874371859296484], [190.43552733510145, 0.14974874371859298], [190.51295658480348, 0.15075376884422112], [190.59001814338004, 0.15175879396984926], [190.6667161746996, 0.1527638190954774], [190.74305476845652, 0.15376884422110554], [190.81903794196757, 0.15477386934673368], [190.89466964191337, 0.15577889447236182], [190.96995374602704, 0.15678391959798996], [191.04489406473215, 0.1577889447236181], [191.1194943427311, 0.15879396984924624], [191.19375826054684, 0.15979899497487438], [191.26768943601851, 0.16080402010050254], [191.34129142575335, 0.16180904522613068], [191.41456772653603, 0.16281407035175882], [191.4875217766973, 0.16381909547738696], [191.56015695744276, 0.1648241206030151], [191.63247659414404, 0.16582914572864324], [191.70448395759263, 0.16683417085427138], [191.7761822652186, 0.16783919597989952], [191.84757468227474, 0.16884422110552766], [191.9186643229876, 0.1698492462311558], [191.98945425167662, 0.17085427135678394], [192.05994748384205, 0.17185929648241208], [192.13014698722324, 0.17286432160804022], [192.20005568282767, 0.17386934673366836], [192.2696764459322, 0.1748743718592965], [192.33901210705733, 0.17587939698492464], [192.4080654529149, 0.17688442211055277], [192.4768392273309, 0.17788944723618091], [192.54533613214346, 0.17889447236180905], [192.61355882807717, 0.1798994974874372], [192.6815099355945, 0.18090452261306533], [192.74919203572495, 0.18190954773869347], [192.81660767087243, 0.18291457286432164], [192.88375934560216, 0.18391959798994978], [192.950649527407, 0.18492462311557792], [193.01728064745436, 