{"E_CU": 120000.0, "NU_CU": 0.34, "CTE_CU": 1.7e-05, "Y_CU": 150, "P_TABLE_CU": [[140.0, 0.0], [149.66566721588586, 0.0010050251256281408], [151.78491399061517, 0.0020100502512562816], [153.23392037764333, 0.0030150753768844224], [154.36881641630865, 0.004020100502512563], [155.31571441829223, 0.0050251256281407045], [156.13552483504182, 0.006030150753768845], [156.86280733213175, 0.007035175879396985], [157.5192526114315, 0.008040201005025126], [158.1194577311704, 0.009045226130653268], [158.67376282392067, 0.010050251256281409], [159.18978665662462, 0.011055276381909548], [159.67332085071945, 0.01206030150753769], [160.12888122773907, 0.013065326633165831], [160.5600637401289, 0.01407035175879397], [160.96978311081102, 0.015075376884422112], [161.36043799089745, 0.016080402010050253], [161.73402839054364, 0.017085427135678392], [162.09224114062977, 0.018090452261306535], [162.43651336193682, 0.019095477386934675], [162.768080448638, 0.020100502512562818], [163.08801292167382, 0.021105527638190957], [163.39724513532704, 0.022110552763819097], [163.69659792262905, 0.02311557788944724], [163.98679666463724, 0.02412060301507538], [164.26848585860253, 0.02512562814070352], [164.54224097497772, 0.026130653266331662], [164.80857819171314, 0.0271356783919598], [165.06796244968564, 0.02814070351758794], [165.3208141678951, 0.029145728643216084], [165.56751487953156, 0.030150753768844223], [165.80841199221055, 0.031155778894472366], [166.0438228321027, 0.032160804020100506], [166.27403809851293, 0.033165829145728645], [166.4993248299693, 0.034170854271356785], [166.71992896311855, 0.03517587939698493], [166.93607755027492, 0.03618090452261307], [167.147980689302, 0.03718592964824121], [167.3558332098525, 0.03819095477386935], [167.55981615228038, 0.03919597989949749], [167.76009806934096, 0.040201005025125636], [167.95683617578186, 0.041206030150753775], [168.15017736685033, 0.042211055276381915], [168.34025912340738, 0.043216080402010054], [168.52721031859951, 0.044221105527638194], [168.7111519387737, 0.04522613065326633], [168.89219772944344, 0.04623115577889448], [169.0704547755474, 0.04723618090452262], [169.24602402393143, 0.04824120603015076], [169.41900075488326, 0.0492462311557789], [169.58947500861987, 0.05025125628140704], [169.75753197184048, 0.051256281407035184], [169.92325232878977, 0.052261306532663324], [170.0867125807054, 0.05326633165829146], [170.24798533703654, 0.0542713567839196], [170.40713958140145, 0.05527638190954774], [170.5642409148927, 0.05628140703517588], [170.71935177902657, 0.05728643216080403], [170.87253166036552, 0.05829145728643217], [171.02383727860845, 0.05929648241206031], [171.17332275974053, 0.06030150753768845], [171.32103979565724, 0.061306532663316586], [171.46703779152267, 0.06231155778894473], [171.6113640019861, 0.06331658291457287], [171.75406365726198, 0.06432160804020101], [171.8951800799734, 0.06532663316582915], [172.03475479356678, 0.06633165829145729], [172.17282762302355, 0.06733668341708543], [172.30943678852276, 0.06834170854271357], [172.4446189926434, 0.06934673366834171], [172.57840950163927, 0.07035175879396986], [172.71084222126746, 0.071356783919598], [172.84194976760705, 0.07236180904522614], [172.97176353326319, 0.07336683417085428], [173.10031374931654, 0.07437185929648242], [173.22762954334485, 0.07537688442211056], [173.35373899381437, 0.0763819095477387], [173.47866918111316, 0.07738693467336684], [173.60244623547425, 0.07839195979899498], [173.72509538201507, 0.07939698492462312], [173.84664098310168, 0.08040201005025127], [173.96710657822706, 0.08140703517587941], [174.0865149215787, 0.08241206030150755], [174.20488801745591, 0.08341708542713569], [174.3222471536837, 0.08442211055276383], [174.4386129331594, 0.08542713567839197], [174.55400530365688, 0.08643216080402011], [174.66844358600392, 0.08743718592964825], [174.78194650073854, 0.08844221105527639], [174.89453219334337, 0.08944723618090453], [175.00621825814855, 0.09045226130653267], [175.11702176098754, 0.09145728643216082], [175.2269592606837, 0.09246231155778896], [175.3360468294404, 0.0934673366834171], [175.44430007220095, 0.09447236180904524], [175.5517341450419, 0.09547738693467338], [175.65836377265634, 0.09648241206030152], [175.76420326498237, 0.09748743718592966], [175.86926653302604, 0.0984924623115578], [175.97356710392597, 0.09949748743718594], [176.07711813530324, 0.10050251256281408], [176.17993242893718, 0.10150753768844221], [176.28202244380495, 0.10251256281407037], [176.38340030852078, 0.10351758793969851], [176.48407783320752, 0.10452261306532665], [176.58406652083232, 0.10552763819095479], [176.68337757803468, 0.10653266331658293], [176.7820219254747, 0.10753768844221107], [176.8800102077271, 0.1085427135678392], [176.97735280274452, 0.10954773869346734], [177.07405983091292, 0.11055276381909548], [177.1701411637203, 0.11155778894472362], [177.2656064320583, 0.11256281407035176], [177.36046503417555, 0.11356783919597992], [177.4547261433001, 0.11457286432160806], [177.54839871494795, 0.1155778894472362], [177.64149149393262, 0.11658291457286434], [177.73401302109073, 0.11758793969849247], [177.82597163973767, 0.11859296482412061], [177.91737550186588, 0.11959798994974875], [178.0082325740984, 0.1206030150753769], [178.09855064340928, 0.12160804020100503], [178.1883373226217, 0.12261306532663317], [178.27760005569434, 0.12361809045226133], [178.36634612280557, 0.12462311557788947], [178.45458264524515, 0.1256281407035176], [178.54231659012183, 0.12663316582914574], [178.62955477489515, 0.12763819095477388], [178.71630387173985, 0.12864321608040202], [178.8025704117498, 0.12964824120603016], [178.8883607889886, 0.1306532663316583], [178.9736812643939, 0.13165829145728644], [179.05853796954153, 0.13266331658291458], [179.14293691027564, 0.13366834170854272], [179.22688397021025, 0.13467336683417086], [179.31038491410828, 0.135678391959799], [179.39344539114268, 0.13668341708542714], [179.4760709380449, 0.13768844221105528], [179.55826698214526, 0.13869346733668342], [179.64003884430974, 0.13969849246231159], [179.7213917417775, 0.14070351758793972], [179.80233079090297, 0.14170854271356786], [179.88286100980656, 0.142713567839196], [179.9629873209376, 0.14371859296482414], [180.04271455355294, 0.14472361809045228], [180.12204744611478, 0.14572864321608042], [180.2009906486104, 0.14673366834170856], [180.27954872479768, 0.1477386934673367], [180.3577261543781, 0.14874371859296484], [180.43552733510145, 0.14974874371859298], [180.51295658480348, 0.15075376884422112], [180.59001814338004, 0.15175879396984926], [180.6667161746996, 0.1527638190954774], [180.74305476845652, 0.15376884422110554], [180.81903794196757, 0.15477386934673368], [180.89466964191337, 0.15577889447236182], [180.96995374602704, 0.15678391959798996], [181.04489406473215, 0.1577889447236181], [181.1194943427311, 0.15879396984924624], [181.19375826054684, 0.15979899497487438], [181.26768943601851, 0.16080402010050254], [181.34129142575335, 0.16180904522613068], [181.41456772653603, 0.16281407035175882], [181.4875217766973, 0.16381909547738696], [181.56015695744276, 0.1648241206030151], [181.63247659414404, 0.16582914572864324], [181.70448395759263, 0.16683417085427138], [181.7761822652186, 0.16783919597989952], [181.84757468227474, 0.16884422110552766], [181.9186643229876, 0.1698492462311558], [181.98945425167662, 0.17085427135678394], [182.05994748384205, 0.17185929648241208], [182.13014698722324, 0.17286432160804022], [182.20005568282767, 0.17386934673366836], [182.2696764459322, 0.1748743718592965], [182.33901210705733, 0.17587939698492464], [182.4080654529149, 0.17688442211055277], [182.4768392273309, 0.17788944723618091], [182.54533613214346, 0.17889447236180905], [182.61355882807717, 0.1798994974874372], [182.6815099355945, 0.18090452261306533], [182.74919203572495, 0.18190954773869347], [182.81660767087243, 0.18291457286432164], [182.88375934560216, 0.18391959798994978], [182.950649527407, 0.18492462311557792], [183.01728064745436, 